name,district_name,state_name,id
670001,KANNUR,Kerala,670001
670002,KANNUR,Kerala,670002
670003,KANNUR,Kerala,670003
670004,KANNUR,Kerala,670004
670005,KANNUR,Kerala,670005
670006,KANNUR,Kerala,670006
670007,KANNUR,Kerala,670007
670008,KANNUR,Kerala,670008
670009,KANNUR,Kerala,670009
670010,KANNUR,Kerala,670010
670011,KANNUR,Kerala,670011
670012,KANNUR,Kerala,670012
670013,KANNUR,Kerala,670013
670014,KANNUR,Kerala,670014
670017,KANNUR,Kerala,670017
670018,KANNUR,Kerala,670018
670101,KANNUR,Kerala,670101
670102,KANNUR,Kerala,670102
670103,KANNUR,Kerala,670103
670104,KANNUR,Kerala,670104
670105,KANNUR,Kerala,670105
670106,KANNUR,Kerala,670106
670107,KANNUR,Kerala,670107
670141,KANNUR,Kerala,670141
670142,KANNUR,Kerala,670142
670143,KANNUR,Kerala,670143
670301,KANNUR,Kerala,670301
670302,KANNUR,Kerala,670302
670303,KANNUR,Kerala,670303
670304,KANNUR,Kerala,670304
670305,KANNUR,Kerala,670305
670306,KANNUR,Kerala,670306
670307,KANNUR,Kerala,670307
670308,KANNUR,Kerala,670308
670309,KANNUR,Kerala,670309
670310,KANNUR,Kerala,670310
670325,KANNUR,Kerala,670325
670327,KANNUR,Kerala,670327
670331,KANNUR,Kerala,670331
670334,KANNUR,Kerala,670334
670353,KANNUR,Kerala,670353
670358,KANNUR,Kerala,670358
670501,KANNUR,Kerala,670501
670502,KANNUR,Kerala,670502
670503,KANNUR,Kerala,670503
670504,KANNUR,Kerala,670504
670511,KANNUR,Kerala,670511
670521,KANNUR,Kerala,670521
670561,KANNUR,Kerala,670561
670562,KANNUR,Kerala,670562
670563,KANNUR,Kerala,670563
670567,KANNUR,Kerala,670567
670571,KANNUR,Kerala,670571
670581,KANNUR,Kerala,670581
670582,KANNUR,Kerala,670582
670591,KANNUR,Kerala,670591
670592,KANNUR,Kerala,670592
670593,KANNUR,Kerala,670593
670594,KANNUR,Kerala,670594
670595,KANNUR,Kerala,670595
670601,KANNUR,Kerala,670601
670602,KANNUR,Kerala,670602
670604,KANNUR,Kerala,670604
670611,KANNUR,Kerala,670611
670612,KANNUR,Kerala,670612
670613,KANNUR,Kerala,670613
670621,KANNUR,Kerala,670621
670622,KANNUR,Kerala,670622
670631,KANNUR,Kerala,670631
670632,KANNUR,Kerala,670632
670633,KANNUR,Kerala,670633
670641,KANNUR,Kerala,670641
670642,KANNUR,Kerala,670642
670643,KANNUR,Kerala,670643
670644,WAYANAD,Kerala,670644
670645,WAYANAD,Kerala,670645
670646,WAYANAD,Kerala,670646
670649,KANNUR,Kerala,670649
670650,KANNUR,Kerala,670650
670651,KANNUR,Kerala,670651
670661,KANNUR,Kerala,670661
670662,KANNUR,Kerala,670662
670663,KANNUR,Kerala,670663
670671,KANNUR,Kerala,670671
670672,KANNUR,Kerala,670672
670673,KANNUR,Kerala,670673
670674,KANNUR,Kerala,670674
670675,KANNUR,Kerala,670675
670676,KANNUR,Kerala,670676
670691,KANNUR,Kerala,670691
670692,KANNUR,Kerala,670692
670693,KANNUR,Kerala,670693
670694,KANNUR,Kerala,670694
670701,KANNUR,Kerala,670701
670702,KANNUR,Kerala,670702
670703,KANNUR,Kerala,670703
670704,KANNUR,Kerala,670704
670705,KANNUR,Kerala,670705
670706,KANNUR,Kerala,670706
670721,WAYANAD,Kerala,670721
670731,WAYANAD,Kerala,670731
670741,KANNUR,Kerala,670741
671121,KASARGOD,Kerala,671121
671122,KASARGOD,Kerala,671122
671123,KASARGOD,Kerala,671123
671124,KASARGOD,Kerala,671124
671310,KASARGOD,Kerala,671310
671311,KASARGOD,Kerala,671311
671312,KASARGOD,Kerala,671312
671313,KASARGOD,Kerala,671313
671314,KASARGOD,Kerala,671314
671315,KASARGOD,Kerala,671315
671316,KASARGOD,Kerala,671316
671317,KASARGOD,Kerala,671317
671318,KASARGOD,Kerala,671318
671319,KASARGOD,Kerala,671319
671320,Kasaragod,Kerala,671320
671321,KASARGOD,Kerala,671321
671322,KASARGOD,Kerala,671322
671323,KASARGOD,Kerala,671323
671324,KASARGOD,Kerala,671324
671326,KASARGOD,Kerala,671326
671348,KASARGOD,Kerala,671348
671351,KASARGOD,Kerala,671351
671531,KASARGOD,Kerala,671531
671532,KASARGOD,Kerala,671532
671533,KASARGOD,Kerala,671533
671534,KASARGOD,Kerala,671534
671541,KASARGOD,Kerala,671541
671542,KASARGOD,Kerala,671542
671543,KASARGOD,Kerala,671543
671551,KASARGOD,Kerala,671551
671552,KASARGOD,Kerala,671552
673001,KOZHIKODE,Kerala,673001
673002,KOZHIKODE,Kerala,673002
673003,KOZHIKODE,Kerala,673003
673004,KOZHIKODE,Kerala,673004
673005,KOZHIKODE,Kerala,673005
673006,KOZHIKODE,Kerala,673006
673007,KOZHIKODE,Kerala,673007
673008,KOZHIKODE,Kerala,673008
673009,KOZHIKODE,Kerala,673009
673010,KOZHIKODE,Kerala,673010
673011,KOZHIKODE,Kerala,673011
673012,KOZHIKODE,Kerala,673012
673014,KOZHIKODE,Kerala,673014
673015,KOZHIKODE,Kerala,673015
673016,KOZHIKODE,Kerala,673016
673017,KOZHIKODE,Kerala,673017
673018,KOZHIKODE,Kerala,673018
673019,KOZHIKODE,Kerala,673019
673020,KOZHIKODE,Kerala,673020
673021,KOZHIKODE,Kerala,673021
673027,KOZHIKODE,Kerala,673027
673028,KOZHIKODE,Kerala,673028
673029,KOZHIKODE,Kerala,673029
673032,KOZHIKODE,Kerala,673032
673051,KOZHIKODE,Kerala,673051
673101,KOZHIKODE,Kerala,673101
673102,KOZHIKODE,Kerala,673102
673103,KOZHIKODE,Kerala,673103
673104,KOZHIKODE,Kerala,673104
673105,KOZHIKODE,Kerala,673105
673106,KOZHIKODE,Kerala,673106
673121,WAYANAD,Kerala,673121
673122,WAYANAD,Kerala,673122
673123,WAYANAD,Kerala,673123
673124,KOZHIKODE,Kerala,673124
673301,KOZHIKODE,Kerala,673301
673302,KOZHIKODE,Kerala,673302
673303,KOZHIKODE,Kerala,673303
673304,KOZHIKODE,Kerala,673304
673305,KOZHIKODE,Kerala,673305
673306,KOZHIKODE,Kerala,673306
673307,KOZHIKODE,Kerala,673307
673308,KOZHIKODE,Kerala,673308
673309,KOZHIKODE,Kerala,673309
673310,MAHE,Kerala,673310
673311,KANNUR,Kerala,673311
673312,KANNUR,Kerala,673312
673313,KANNUR,Kerala,673313
673314,MALAPPURAM,Kerala,673314
673315,KOZHIKODE,Kerala,673315
673316,KANNUR,Kerala,673316
673317,KOZHIKODE,Kerala,673317
673323,KOZHIKODE,Kerala,673323
673328,KOZHIKODE,Kerala,673328
673501,KOZHIKODE,Kerala,673501
673502,KOZHIKODE,Kerala,673502
673503,KOZHIKODE,Kerala,673503
673504,KOZHIKODE,Kerala,673504
673505,KOZHIKODE,Kerala,673505
673506,KOZHIKODE,Kerala,673506
673507,KOZHIKODE,Kerala,673507
673508,KOZHIKODE,Kerala,673508
673509,KOZHIKODE,Kerala,673509
673513,KOZHIKODE,Kerala,673513
673517,KOZHIKODE,Kerala,673517
673521,KOZHIKODE,Kerala,673521
673522,KOZHIKODE,Kerala,673522
673523,KOZHIKODE,Kerala,673523
673524,KOZHIKODE,Kerala,673524
673525,KOZHIKODE,Kerala,673525
673526,KOZHIKODE,Kerala,673526
673527,KOZHIKODE,Kerala,673527
673528,KOZHIKODE,Kerala,673528
673529,KOZHIKODE,Kerala,673529
673541,KOZHIKODE,Kerala,673541
673542,KOZHIKODE,Kerala,673542
673570,KOZHIKODE,Kerala,673570
673571,KOZHIKODE,Kerala,673571
673572,KOZHIKODE,Kerala,673572
673573,KOZHIKODE,Kerala,673573
673574,KOZHIKODE,Kerala,673574
673575,WAYANAD,Kerala,673575
673576,WAYANAD,Kerala,673576
673577,WAYANAD,Kerala,673577
673579,WAYANAD,Kerala,673579
673580,KOZHIKODE,Kerala,673580
673581,WAYANAD,Kerala,673581
673582,KOZHIKODE,Kerala,673582
673585,KOZHIKODE,Kerala,673585
673586,KOZHIKODE,Kerala,673586
673591,WAYANAD,Kerala,673591
673592,WAYANAD,Kerala,673592
673593,WAYANAD,Kerala,673593
673595,WAYANAD,Kerala,673595
673596,WAYANAD,Kerala,673596
673601,KOZHIKODE,Kerala,673601
673602,KOZHIKODE,Kerala,673602
673603,KOZHIKODE,Kerala,673603
673604,KOZHIKODE,Kerala,673604
673611,KOZHIKODE,Kerala,673611
673612,KOZHIKODE,Kerala,673612
673613,KOZHIKODE,Kerala,673613
673614,KOZHIKODE,Kerala,673614
673615,KOZHIKODE,Kerala,673615
673616,KOZHIKODE,Kerala,673616
673620,KOZHIKODE,Kerala,673620
673631,KOZHIKODE,Kerala,673631
673632,MALAPPURAM,Kerala,673632
673633,KOZHIKODE,Kerala,673633
673634,MALAPPURAM,Kerala,673634
673635,MALAPPURAM,Kerala,673635
673636,MALAPPURAM,Kerala,673636
673637,MALAPPURAM,Kerala,673637
673638,MALAPPURAM,Kerala,673638
673639,MALAPPURAM,Kerala,673639
673640,MALAPPURAM,Kerala,673640
673641,MALAPPURAM,Kerala,673641
673642,MALAPPURAM,Kerala,673642
673645,MALAPPURAM,Kerala,673645
673647,MALAPPURAM,Kerala,673647
673655,KOZHIKODE,Kerala,673655
673661,KOZHIKODE,Kerala,673661
676101,MALAPPURAM,Kerala,676101
676102,MALAPPURAM,Kerala,676102
676103,MALAPPURAM,Kerala,676103
676104,MALAPPURAM,Kerala,676104
676105,MALAPPURAM,Kerala,676105
676106,MALAPPURAM,Kerala,676106
676107,MALAPPURAM,Kerala,676107
676108,MALAPPURAM,Kerala,676108
676109,MALAPPURAM,Kerala,676109
676121,MALAPPURAM,Kerala,676121
676122,MALAPPURAM,Kerala,676122
676123,MALAPPURAM,Kerala,676123
676301,MALAPPURAM,Kerala,676301
676302,MALAPPURAM,Kerala,676302
676303,MALAPPURAM,Kerala,676303
676304,MALAPPURAM,Kerala,676304
676305,MALAPPURAM,Kerala,676305
676306,MALAPPURAM,Kerala,676306
676307,MALAPPURAM,Kerala,676307
676309,MALAPPURAM,Kerala,676309
676311,MALAPPURAM,Kerala,676311
676312,MALAPPURAM,Kerala,676312
676317,MALAPPURAM,Kerala,676317
676319,MALAPPURAM,Kerala,676319
676320,MALAPPURAM,Kerala,676320
676501,MALAPPURAM,Kerala,676501
676502,MALAPPURAM,Kerala,676502
676503,MALAPPURAM,Kerala,676503
676504,MALAPPURAM,Kerala,676504
676505,MALAPPURAM,Kerala,676505
676506,MALAPPURAM,Kerala,676506
676507,MALAPPURAM,Kerala,676507
676508,MALAPPURAM,Kerala,676508
676509,MALAPPURAM,Kerala,676509
676510,MALAPPURAM,Kerala,676510
676517,MALAPPURAM,Kerala,676517
676519,MALAPPURAM,Kerala,676519
676521,MALAPPURAM,Kerala,676521
676522,MALAPPURAM,Kerala,676522
676523,MALAPPURAM,Kerala,676523
676525,MALAPPURAM,Kerala,676525
676528,MALAPPURAM,Kerala,676528
676541,MALAPPURAM,Kerala,676541
676542,MALAPPURAM,Kerala,676542
676551,MALAPPURAM,Kerala,676551
676552,MALAPPURAM,Kerala,676552
676553,MALAPPURAM,Kerala,676553
676561,MALAPPURAM,Kerala,676561
676562,MALAPPURAM,Kerala,676562
678001,PALAKKAD,Kerala,678001
678002,PALAKKAD,Kerala,678002
678003,PALAKKAD,Kerala,678003
678004,PALAKKAD,Kerala,678004
678005,PALAKKAD,Kerala,678005
678006,PALAKKAD,Kerala,678006
678007,PALAKKAD,Kerala,678007
678008,PALAKKAD,Kerala,678008
678009,PALAKKAD,Kerala,678009
678010,PALAKKAD,Kerala,678010
678011,PALAKKAD,Kerala,678011
678012,PALAKKAD,Kerala,678012
678013,PALAKKAD,Kerala,678013
678014,PALAKKAD,Kerala,678014
678101,PALAKKAD,Kerala,678101
678102,PALAKKAD,Kerala,678102
678103,PALAKKAD,Kerala,678103
678104,PALAKKAD,Kerala,678104
678501,PALAKKAD,Kerala,678501
678502,PALAKKAD,Kerala,678502
678503,PATHANAMTHITTA,Kerala,678503
678504,PALAKKAD,Kerala,678504
678505,PALAKKAD,Kerala,678505
678506,PALAKKAD,Kerala,678506
678507,PALAKKAD,Kerala,678507
678508,PALAKKAD,Kerala,678508
678510,PALAKKAD,Kerala,678510
678512,PALAKKAD,Kerala,678512
678531,PALAKKAD,Kerala,678531
678532,PALAKKAD,Kerala,678532
678533,PALAKKAD,Kerala,678533
678534,PALAKKAD,Kerala,678534
678541,PALAKKAD,Kerala,678541
678542,PALAKKAD,Kerala,678542
678543,PALAKKAD,Kerala,678543
678544,PALAKKAD,Kerala,678544
678545,PALAKKAD,Kerala,678545
678546,PALAKKAD,Kerala,678546
678551,PALAKKAD,Kerala,678551
678552,PALAKKAD,Kerala,678552
678553,PALAKKAD,Kerala,678553
678554,PALAKKAD,Kerala,678554
678555,PALAKKAD,Kerala,678555
678556,PALAKKAD,Kerala,678556
678557,PALAKKAD,Kerala,678557
678571,PALAKKAD,Kerala,678571
678572,PALAKKAD,Kerala,678572
678573,PALAKKAD,Kerala,678573
678574,PALAKKAD,Kerala,678574
678581,PALAKKAD,Kerala,678581
678582,PALAKKAD,Kerala,678582
678583,PALAKKAD,Kerala,678583
678591,PALAKKAD,Kerala,678591
678592,PALAKKAD,Kerala,678592
678593,PALAKKAD,Kerala,678593
678594,PALAKKAD,Kerala,678594
678595,PALAKKAD,Kerala,678595
678596,PALAKKAD,Kerala,678596
678597,PALAKKAD,Kerala,678597
678598,PALAKKAD,Kerala,678598
678601,PALAKKAD,Kerala,678601
678611,PALAKKAD,Kerala,678611
678612,PALAKKAD,Kerala,678612
678613,PALAKKAD,Kerala,678613
678621,PALAKKAD,Kerala,678621
678622,PALAKKAD,Kerala,678622
678623,PALAKKAD,Kerala,678623
678624,PALAKKAD,Kerala,678624
678631,PALAKKAD,Kerala,678631
678632,PALAKKAD,Kerala,678632
678633,PALAKKAD,Kerala,678633
678641,PALAKKAD,Kerala,678641
678642,PALAKKAD,Kerala,678642
678651,PALAKKAD,Kerala,678651
678661,PALAKKAD,Kerala,678661
678671,PALAKKAD,Kerala,678671
678681,PALAKKAD,Kerala,678681
678682,PALAKKAD,Kerala,678682
678683,PALAKKAD,Kerala,678683
678684,PALAKKAD,Kerala,678684
678685,PALAKKAD,Kerala,678685
678686,PATHANAMTHITTA,Kerala,678686
678687,PALAKKAD,Kerala,678687
678688,PALAKKAD,Kerala,678688
678701,PALAKKAD,Kerala,678701
678702,PALAKKAD,Kerala,678702
678703,PALAKKAD,Kerala,678703
678704,PALAKKAD,Kerala,678704
678705,PALAKKAD,Kerala,678705
678706,PALAKKAD,Kerala,678706
678721,PALAKKAD,Kerala,678721
678722,PALAKKAD,Kerala,678722
678731,PALAKKAD,Kerala,678731
678732,PALAKKAD,Kerala,678732
678762,PALAKKAD,Kerala,678762
679101,PALAKKAD,Kerala,679101
679102,PALAKKAD,Kerala,679102
679103,PALAKKAD,Kerala,679103
679104,PALAKKAD,Kerala,679104
679105,THRISSUR,Kerala,679105
679106,THRISSUR,Kerala,679106
679121,PALAKKAD,Kerala,679121
679122,PALAKKAD,Kerala,679122
679123,PALAKKAD,Kerala,679123
679301,PALAKKAD,Kerala,679301
679302,PALAKKAD,Kerala,679302
679303,PALAKKAD,Kerala,679303
679304,PALAKKAD,Kerala,679304
679305,PALAKKAD,Kerala,679305
679306,PALAKKAD,Kerala,679306
679307,PALAKKAD,Kerala,679307
679308,PALAKKAD,Kerala,679308
679309,PALAKKAD,Kerala,679309
679313,PALAKKAD,Kerala,679313
679321,MALAPPURAM,Kerala,679321
679322,MALAPPURAM,Kerala,679322
679323,MALAPPURAM,Kerala,679323
679324,MALAPPURAM,Kerala,679324
679325,MALAPPURAM,Kerala,679325
679326,MALAPPURAM,Kerala,679326
679327,MALAPPURAM,Kerala,679327
679328,MALAPPURAM,Kerala,679328
679329,MALAPPURAM,Kerala,679329
679330,MALAPPURAM,Kerala,679330
679331,MALAPPURAM,Kerala,679331
679332,MALAPPURAM,Kerala,679332
679333,MALAPPURAM,Kerala,679333
679334,MALAPPURAM,Kerala,679334
679335,PALAKKAD,Kerala,679335
679336,PALAKKAD,Kerala,679336
679337,PALAKKAD,Kerala,679337
679338,MALAPPURAM,Kerala,679338
679339,MALAPPURAM,Kerala,679339
679340,MALAPPURAM,Kerala,679340
679341,MALAPPURAM,Kerala,679341
679357,MALAPPURAM,Kerala,679357
679501,PALAKKAD,Kerala,679501
679502,PALAKKAD,Kerala,679502
679503,PALAKKAD,Kerala,679503
679504,PALAKKAD,Kerala,679504
679505,PALAKKAD,Kerala,679505
679506,PALAKKAD,Kerala,679506
679511,PALAKKAD,Kerala,679511
679512,PALAKKAD,Kerala,679512
679513,PALAKKAD,Kerala,679513
679514,PALAKKAD,Kerala,679514
679515,PALAKKAD,Kerala,679515
679516,PALAKKAD,Kerala,679516
679521,PALAKKAD,Kerala,679521
679522,PALAKKAD,Kerala,679522
679523,PALAKKAD,Kerala,679523
679531,THRISSUR,Kerala,679531
679532,THRISSUR,Kerala,679532
679533,PALAKKAD,Kerala,679533
679534,PALAKKAD,Kerala,679534
679535,PALAKKAD,Kerala,679535
679536,PALAKKAD,Kerala,679536
679551,PALAKKAD,Kerala,679551
679552,PALAKKAD,Kerala,679552
679553,PALAKKAD,Kerala,679553
679554,PALAKKAD,Kerala,679554
679561,THRISSUR,Kerala,679561
679562,THRISSUR,Kerala,679562
679563,THRISSUR,Kerala,679563
679564,THRISSUR,Kerala,679564
679571,MALAPPURAM,Kerala,679571
679572,MALAPPURAM,Kerala,679572
679573,MALAPPURAM,Kerala,679573
679574,MALAPPURAM,Kerala,679574
679575,MALAPPURAM,Kerala,679575
679576,MALAPPURAM,Kerala,679576
679577,MALAPPURAM,Kerala,679577
679578,MALAPPURAM,Kerala,679578
679579,MALAPPURAM,Kerala,679579
679580,MALAPPURAM,Kerala,679580
679581,MALAPPURAM,Kerala,679581
679582,MALAPPURAM,Kerala,679582
679583,MALAPPURAM,Kerala,679583
679584,MALAPPURAM,Kerala,679584
679585,MALAPPURAM,Kerala,679585
679586,MALAPPURAM,Kerala,679586
679587,MALAPPURAM,Kerala,679587
679591,MALAPPURAM,Kerala,679591
680001,THRISSUR,Kerala,680001
680002,THRISSUR,Kerala,680002
680003,THRISSUR,Kerala,680003
680004,THRISSUR,Kerala,680004
680005,THRISSUR,Kerala,680005
680006,THRISSUR,Kerala,680006
680007,THRISSUR,Kerala,680007
680008,THRISSUR,Kerala,680008
680009,THRISSUR,Kerala,680009
680010,THRISSUR,Kerala,680010
680011,THRISSUR,Kerala,680011
680012,THRISSUR,Kerala,680012
680013,THRISSUR,Kerala,680013
680014,THRISSUR,Kerala,680014
680020,THRISSUR,Kerala,680020
680021,THRISSUR,Kerala,680021
680022,THRISSUR,Kerala,680022
680026,THRISSUR,Kerala,680026
680027,THRISSUR,Kerala,680027
680028,THRISSUR,Kerala,680028
680101,THRISSUR,Kerala,680101
680102,THRISSUR,Kerala,680102
680103,THRISSUR,Kerala,680103
680104,THRISSUR,Kerala,680104
680121,THRISSUR,Kerala,680121
680122,THRISSUR,Kerala,680122
680123,THRISSUR,Kerala,680123
680125,THRISSUR,Kerala,680125
680301,THRISSUR,Kerala,680301
680302,THRISSUR,Kerala,680302
680303,THRISSUR,Kerala,680303
680304,THRISSUR,Kerala,680304
680305,THRISSUR,Kerala,680305
680306,THRISSUR,Kerala,680306
680307,THRISSUR,Kerala,680307
680308,THRISSUR,Kerala,680308
680309,THRISSUR,Kerala,680309
680310,THRISSUR,Kerala,680310
680311,THRISSUR,Kerala,680311
680312,THRISSUR,Kerala,680312
680317,THRISSUR,Kerala,680317
680501,THRISSUR,Kerala,680501
680502,THRISSUR,Kerala,680502
680503,THRISSUR,Kerala,680503
680504,THRISSUR,Kerala,680504
680505,THRISSUR,Kerala,680505
680506,THRISSUR,Kerala,680506
680507,THRISSUR,Kerala,680507
680508,THRISSUR,Kerala,680508
680509,THRISSUR,Kerala,680509
680510,THRISSUR,Kerala,680510
680511,THRISSUR,Kerala,680511
680512,THRISSUR,Kerala,680512
680513,THRISSUR,Kerala,680513
680514,THRISSUR,Kerala,680514
680515,THRISSUR,Kerala,680515
680516,THRISSUR,Kerala,680516
680517,THRISSUR,Kerala,680517
680518,THRISSUR,Kerala,680518
680519,THRISSUR,Kerala,680519
680520,THRISSUR,Kerala,680520
680521,THRISSUR,Kerala,680521
680522,THRISSUR,Kerala,680522
680523,THRISSUR,Kerala,680523
680524,THRISSUR,Kerala,680524
680541,THRISSUR,Kerala,680541
680542,THRISSUR,Kerala,680542
680543,THRISSUR,Kerala,680543
680544,THRISSUR,Kerala,680544
680545,THRISSUR,Kerala,680545
680546,THRISSUR,Kerala,680546
680551,THRISSUR,Kerala,680551
680552,THRISSUR,Kerala,680552
680553,THRISSUR,Kerala,680553
680555,THRISSUR,Kerala,680555
680561,THRISSUR,Kerala,680561
680562,THRISSUR,Kerala,680562
680563,THRISSUR,Kerala,680563
680564,THRISSUR,Kerala,680564
680565,THRISSUR,Kerala,680565
680566,THRISSUR,Kerala,680566
680567,THRISSUR,Kerala,680567
680568,THRISSUR,Kerala,680568
680569,THRISSUR,Kerala,680569
680570,THRISSUR,Kerala,680570
680571,THRISSUR,Kerala,680571
680581,THRISSUR,Kerala,680581
680582,THRISSUR,Kerala,680582
680583,THRISSUR,Kerala,680583
680584,THRISSUR,Kerala,680584
680585,THRISSUR,Kerala,680585
680586,THRISSUR,Kerala,680586
680587,THRISSUR,Kerala,680587
680588,THRISSUR,Kerala,680588
680589,THRISSUR,Kerala,680589
680590,THRISSUR,Kerala,680590
680591,THRISSUR,Kerala,680591
680594,THRISSUR,Kerala,680594
680596,THRISSUR,Kerala,680596
680601,THRISSUR,Kerala,680601
680602,THRISSUR,Kerala,680602
680604,THRISSUR,Kerala,680604
680611,THRISSUR,Kerala,680611
680612,THRISSUR,Kerala,680612
680613,THRISSUR,Kerala,680613
680614,THRISSUR,Kerala,680614
680615,THRISSUR,Kerala,680615
680616,THRISSUR,Kerala,680616
680617,THRISSUR,Kerala,680617
680618,THRISSUR,Kerala,680618
680619,THRISSUR,Kerala,680619
680620,THRISSUR,Kerala,680620
680623,THRISSUR,Kerala,680623
680631,THRISSUR,Kerala,680631
680641,THRISSUR,Kerala,680641
680642,THRISSUR,Kerala,680642
680651,THRISSUR,Kerala,680651
680652,THRISSUR,Kerala,680652
680653,THRISSUR,Kerala,680653
680654,THRISSUR,Kerala,680654
680655,THRISSUR,Kerala,680655
680656,THRISSUR,Kerala,680656
680661,THRISSUR,Kerala,680661
680662,THRISSUR,Kerala,680662
680663,THRISSUR,Kerala,680663
680664,THRISSUR,Kerala,680664
680665,THRISSUR,Kerala,680665
680666,THRISSUR,Kerala,680666
680667,ERNAKULAM,Kerala,680667
680668,THRISSUR,Kerala,680668
680669,THRISSUR,Kerala,680669
680670,THRISSUR,Kerala,680670
680671,THRISSUR,Kerala,680671
680681,THRISSUR,Kerala,680681
680682,THRISSUR,Kerala,680682
680683,THRISSUR,Kerala,680683
680684,THRISSUR,Kerala,680684
680685,THRISSUR,Kerala,680685
680686,THRISSUR,Kerala,680686
680687,THRISSUR,Kerala,680687
680688,THRISSUR,Kerala,680688
680689,THRISSUR,Kerala,680689
680691,THRISSUR,Kerala,680691
680697,THRISSUR,Kerala,680697
680699,THRISSUR,Kerala,680699
680701,THRISSUR,Kerala,680701
680702,THRISSUR,Kerala,680702
680703,THRISSUR,Kerala,680703
680711,THRISSUR,Kerala,680711
680712,THRISSUR,Kerala,680712
680721,THRISSUR,Kerala,680721
680722,THRISSUR,Kerala,680722
680724,THRISSUR,Kerala,680724
680731,THRISSUR,Kerala,680731
680732,THRISSUR,Kerala,680732
680733,THRISSUR,Kerala,680733
680734,THRISSUR,Kerala,680734
680741,THRISSUR,Kerala,680741
680751,THRISSUR,Kerala,680751
682001,ERNAKULAM,Kerala,682001
682002,ERNAKULAM,Kerala,682002
682003,ERNAKULAM,Kerala,682003
682004,ERNAKULAM,Kerala,682004
682005,ERNAKULAM,Kerala,682005
682006,ERNAKULAM,Kerala,682006
682007,ERNAKULAM,Kerala,682007
682008,ERNAKULAM,Kerala,682008
682009,ERNAKULAM,Kerala,682009
682010,ERNAKULAM,Kerala,682010
682011,ERNAKULAM,Kerala,682011
682012,ERNAKULAM,Kerala,682012
682013,ERNAKULAM,Kerala,682013
682015,ERNAKULAM,Kerala,682015
682016,ERNAKULAM,Kerala,682016
682017,ERNAKULAM,Kerala,682017
682018,ERNAKULAM,Kerala,682018
682019,ERNAKULAM,Kerala,682019
682020,ERNAKULAM,Kerala,682020
682021,ERNAKULAM,Kerala,682021
682022,ERNAKULAM,Kerala,682022
682023,ERNAKULAM,Kerala,682023
682024,ERNAKULAM,Kerala,682024
682025,ERNAKULAM,Kerala,682025
682026,ERNAKULAM,Kerala,682026
682027,ERNAKULAM,Kerala,682027
682028,ERNAKULAM,Kerala,682028
682029,ERNAKULAM,Kerala,682029
682030,ERNAKULAM,Kerala,682030
682031,ERNAKULAM,Kerala,682031
682032,ERNAKULAM,Kerala,682032
682033,ERNAKULAM,Kerala,682033
682034,ERNAKULAM,Kerala,682034
682035,ERNAKULAM,Kerala,682035
682036,ERNAKULAM,Kerala,682036
682037,ERNAKULAM,Kerala,682037
682038,ERNAKULAM,Kerala,682038
682039,ERNAKULAM,Kerala,682039
682040,ERNAKULAM,Kerala,682040
682041,ERNAKULAM,Kerala,682041
682042,ERNAKULAM,Kerala,682042
682050,ERNAKULAM,Kerala,682050
682051,ERNAKULAM,Kerala,682051
682301,ERNAKULAM,Kerala,682301
682302,ERNAKULAM,Kerala,682302
682303,ERNAKULAM,Kerala,682303
682304,ERNAKULAM,Kerala,682304
682305,ERNAKULAM,Kerala,682305
682306,ERNAKULAM,Kerala,682306
682307,ERNAKULAM,Kerala,682307
682308,ERNAKULAM,Kerala,682308
682309,ERNAKULAM,Kerala,682309
682310,ERNAKULAM,Kerala,682310
682311,ERNAKULAM,Kerala,682311
682312,ERNAKULAM,Kerala,682312
682313,ERNAKULAM,Kerala,682313
682314,ERNAKULAM,Kerala,682314
682315,ERNAKULAM,Kerala,682315
682316,ERNAKULAM,Kerala,682316
682317,ERNAKULAM,Kerala,682317
682501,ERNAKULAM,Kerala,682501
682502,ERNAKULAM,Kerala,682502
682503,ERNAKULAM,Kerala,682503
682504,ERNAKULAM,Kerala,682504
682505,ERNAKULAM,Kerala,682505
682506,ERNAKULAM,Kerala,682506
682507,ERNAKULAM,Kerala,682507
682508,ERNAKULAM,Kerala,682508
682509,ERNAKULAM,Kerala,682509
682511,ERNAKULAM,Kerala,682511
683101,ERNAKULAM,Kerala,683101
683102,ERNAKULAM,Kerala,683102
683104,ERNAKULAM,Kerala,683104
683105,ERNAKULAM,Kerala,683105
683106,ERNAKULAM,Kerala,683106
683108,ERNAKULAM,Kerala,683108
683110,ERNAKULAM,Kerala,683110
683111,ERNAKULAM,Kerala,683111
683112,ERNAKULAM,Kerala,683112
683501,ERNAKULAM,Kerala,683501
683502,ERNAKULAM,Kerala,683502
683503,ERNAKULAM,Kerala,683503
683511,ERNAKULAM,Kerala,683511
683512,ERNAKULAM,Kerala,683512
683513,ERNAKULAM,Kerala,683513
683514,ERNAKULAM,Kerala,683514
683515,ERNAKULAM,Kerala,683515
683516,ERNAKULAM,Kerala,683516
683517,ERNAKULAM,Kerala,683517
683518,ERNAKULAM,Kerala,683518
683519,ERNAKULAM,Kerala,683519
683520,ERNAKULAM,Kerala,683520
683521,ERNAKULAM,Kerala,683521
683522,ERNAKULAM,Kerala,683522
683541,ERNAKULAM,Kerala,683541
683542,ERNAKULAM,Kerala,683542
683543,ERNAKULAM,Kerala,683543
683544,ERNAKULAM,Kerala,683544
683545,ERNAKULAM,Kerala,683545
683546,ERNAKULAM,Kerala,683546
683547,ERNAKULAM,Kerala,683547
683548,ERNAKULAM,Kerala,683548
683549,ERNAKULAM,Kerala,683549
683550,ERNAKULAM,Kerala,683550
683556,ERNAKULAM,Kerala,683556
683561,ERNAKULAM,Kerala,683561
683562,ERNAKULAM,Kerala,683562
683563,ERNAKULAM,Kerala,683563
683565,ERNAKULAM,Kerala,683565
683571,ERNAKULAM,Kerala,683571
683572,ERNAKULAM,Kerala,683572
683573,ERNAKULAM,Kerala,683573
683574,ERNAKULAM,Kerala,683574
683575,ERNAKULAM,Kerala,683575
683576,ERNAKULAM,Kerala,683576
683577,ERNAKULAM,Kerala,683577
683578,ERNAKULAM,Kerala,683578
683579,ERNAKULAM,Kerala,683579
683580,ERNAKULAM,Kerala,683580
683581,ERNAKULAM,Kerala,683581
683585,ERNAKULAM,Kerala,683585
683587,ERNAKULAM,Kerala,683587
683589,ERNAKULAM,Kerala,683589
683594,ERNAKULAM,Kerala,683594
685501,IDUKKI,Kerala,685501
685503,IDUKKI,Kerala,685503
685505,IDUKKI,Kerala,685505
685507,IDUKKI,Kerala,685507
685508,IDUKKI,Kerala,685508
685509,IDUKKI,Kerala,685509
685511,IDUKKI,Kerala,685511
685512,IDUKKI,Kerala,685512
685514,IDUKKI,Kerala,685514
685515,IDUKKI,Kerala,685515
685531,IDUKKI,Kerala,685531
685532,IDUKKI,Kerala,685532
685533,IDUKKI,Kerala,685533
685535,IDUKKI,Kerala,685535
685551,IDUKKI,Kerala,685551
685552,IDUKKI,Kerala,685552
685553,IDUKKI,Kerala,685553
685554,IDUKKI,Kerala,685554
685561,IDUKKI,Kerala,685561
685562,IDUKKI,Kerala,685562
685563,IDUKKI,Kerala,685563
685565,IDUKKI,Kerala,685565
685566,IDUKKI,Kerala,685566
685571,IDUKKI,Kerala,685571
685581,IDUKKI,Kerala,685581
685582,IDUKKI,Kerala,685582
685583,IDUKKI,Kerala,685583
685584,IDUKKI,Kerala,685584
685585,IDUKKI,Kerala,685585
685586,IDUKKI,Kerala,685586
685587,IDUKKI,Kerala,685587
685588,IDUKKI,Kerala,685588
685589,IDUKKI,Kerala,685589
685590,IDUKKI,Kerala,685590
685591,IDUKKI,Kerala,685591
685595,IDUKKI,Kerala,685595
685601,IDUKKI,Kerala,685601
685602,IDUKKI,Kerala,685602
685603,IDUKKI,Kerala,685603
685604,IDUKKI,Kerala,685604
685605,IDUKKI,Kerala,685605
685606,IDUKKI,Kerala,685606
685607,IDUKKI,Kerala,685607
685608,IDUKKI,Kerala,685608
685609,IDUKKI,Kerala,685609
685612,IDUKKI,Kerala,685612
685613,IDUKKI,Kerala,685613
685614,IDUKKI,Kerala,685614
685615,IDUKKI,Kerala,685615
685616,IDUKKI,Kerala,685616
685618,IDUKKI,Kerala,685618
685619,IDUKKI,Kerala,685619
685620,IDUKKI,Kerala,685620
686001,KOTTAYAM,Kerala,686001
686002,KOTTAYAM,Kerala,686002
686003,KOTTAYAM,Kerala,686003
686004,KOTTAYAM,Kerala,686004
686005,KOTTAYAM,Kerala,686005
686006,KOTTAYAM,Kerala,686006
686007,KOTTAYAM,Kerala,686007
686008,KOTTAYAM,Kerala,686008
686009,KOTTAYAM,Kerala,686009
686010,KOTTAYAM,Kerala,686010
686011,KOTTAYAM,Kerala,686011
686012,KOTTAYAM,Kerala,686012
686013,KOTTAYAM,Kerala,686013
686014,KOTTAYAM,Kerala,686014
686015,KOTTAYAM,Kerala,686015
686016,KOTTAYAM,Kerala,686016
686017,KOTTAYAM,Kerala,686017
686018,KOTTAYAM,Kerala,686018
686019,KOTTAYAM,Kerala,686019
686020,KOTTAYAM,Kerala,686020
686021,KOTTAYAM,Kerala,686021
686022,KOTTAYAM,Kerala,686022
686041,KOTTAYAM,Kerala,686041
686101,KOTTAYAM,Kerala,686101
686102,ALAPPUZHA,Kerala,686102
686103,KOTTAYAM,Kerala,686103
686104,KOTTAYAM,Kerala,686104
686105,KOTTAYAM,Kerala,686105
686106,KOTTAYAM,Kerala,686106
686121,KOTTAYAM,Kerala,686121
686122,KOTTAYAM,Kerala,686122
686123,KOTTAYAM,Kerala,686123
686141,KOTTAYAM,Kerala,686141
686143,KOTTAYAM,Kerala,686143
686144,KOTTAYAM,Kerala,686144
686146,KOTTAYAM,Kerala,686146
686501,KOTTAYAM,Kerala,686501
686502,KOTTAYAM,Kerala,686502
686503,KOTTAYAM,Kerala,686503
686504,KOTTAYAM,Kerala,686504
686505,KOTTAYAM,Kerala,686505
686506,KOTTAYAM,Kerala,686506
686507,KOTTAYAM,Kerala,686507
686508,KOTTAYAM,Kerala,686508
686509,KOTTAYAM,Kerala,686509
686510,PATHANAMTHITTA,Kerala,686510
686511,PATHANAMTHITTA,Kerala,686511
686512,KOTTAYAM,Kerala,686512
686513,KOTTAYAM,Kerala,686513
686514,KOTTAYAM,Kerala,686514
686515,KOTTAYAM,Kerala,686515
686516,KOTTAYAM,Kerala,686516
686517,KOTTAYAM,Kerala,686517
686518,KOTTAYAM,Kerala,686518
686519,KOTTAYAM,Kerala,686519
686520,KOTTAYAM,Kerala,686520
686521,KOTTAYAM,Kerala,686521
686522,KOTTAYAM,Kerala,686522
686531,KOTTAYAM,Kerala,686531
686532,KOTTAYAM,Kerala,686532
686533,KOTTAYAM,Kerala,686533
686534,ALAPPUZHA,Kerala,686534
686535,KOTTAYAM,Kerala,686535
686536,KOTTAYAM,Kerala,686536
686537,KOTTAYAM,Kerala,686537
686538,KOTTAYAM,Kerala,686538
686539,KOTTAYAM,Kerala,686539
686540,KOTTAYAM,Kerala,686540
686541,KOTTAYAM,Kerala,686541
686542,KOTTAYAM,Kerala,686542
686543,KOTTAYAM,Kerala,686543
686544,KOTTAYAM,Kerala,686544
686545,KOTTAYAM,Kerala,686545
686546,KOTTAYAM,Kerala,686546
686547,PATHANAMTHITTA,Kerala,686547
686548,KOTTAYAM,Kerala,686548
686555,KOTTAYAM,Kerala,686555
686560,KOTTAYAM,Kerala,686560
686561,KOTTAYAM,Kerala,686561
686562,KOTTAYAM,Kerala,686562
686563,KOTTAYAM,Kerala,686563
686564,KOTTAYAM,Kerala,686564
686571,KOTTAYAM,Kerala,686571
686572,KOTTAYAM,Kerala,686572
686573,KOTTAYAM,Kerala,686573
686574,KOTTAYAM,Kerala,686574
686575,KOTTAYAM,Kerala,686575
686576,KOTTAYAM,Kerala,686576
686577,KOTTAYAM,Kerala,686577
686578,KOTTAYAM,Kerala,686578
686579,KOTTAYAM,Kerala,686579
686580,KOTTAYAM,Kerala,686580
686581,KOTTAYAM,Kerala,686581
686582,KOTTAYAM,Kerala,686582
686583,KOTTAYAM,Kerala,686583
686584,KOTTAYAM,Kerala,686584
686585,KOTTAYAM,Kerala,686585
686586,KOTTAYAM,Kerala,686586
686587,KOTTAYAM,Kerala,686587
686601,KOTTAYAM,Kerala,686601
686602,KOTTAYAM,Kerala,686602
686603,KOTTAYAM,Kerala,686603
686604,KOTTAYAM,Kerala,686604
686605,KOTTAYAM,Kerala,686605
686606,KOTTAYAM,Kerala,686606
686607,KOTTAYAM,Kerala,686607
686608,KOTTAYAM,Kerala,686608
686609,KOTTAYAM,Kerala,686609
686610,KOTTAYAM,Kerala,686610
686611,KOTTAYAM,Kerala,686611
686612,KOTTAYAM,Kerala,686612
686613,KOTTAYAM,Kerala,686613
686616,KOTTAYAM,Kerala,686616
686630,KOTTAYAM,Kerala,686630
686631,KOTTAYAM,Kerala,686631
686632,KOTTAYAM,Kerala,686632
686633,KOTTAYAM,Kerala,686633
686634,KOTTAYAM,Kerala,686634
686635,KOTTAYAM,Kerala,686635
686636,KOTTAYAM,Kerala,686636
686637,KOTTAYAM,Kerala,686637
686651,KOTTAYAM,Kerala,686651
686652,KOTTAYAM,Kerala,686652
686653,KOTTAYAM,Kerala,686653
686661,ERNAKULAM,Kerala,686661
686662,ERNAKULAM,Kerala,686662
686663,ERNAKULAM,Kerala,686663
686664,ERNAKULAM,Kerala,686664
686665,ERNAKULAM,Kerala,686665
686666,ERNAKULAM,Kerala,686666
686667,ERNAKULAM,Kerala,686667
686668,ERNAKULAM,Kerala,686668
686669,ERNAKULAM,Kerala,686669
686670,ERNAKULAM,Kerala,686670
686671,ERNAKULAM,Kerala,686671
686672,ERNAKULAM,Kerala,686672
686673,ERNAKULAM,Kerala,686673
686681,ERNAKULAM,Kerala,686681
686691,ERNAKULAM,Kerala,686691
686692,ERNAKULAM,Kerala,686692
686693,ERNAKULAM,Kerala,686693
688001,ALAPPUZHA,Kerala,688001
688002,ALAPPUZHA,Kerala,688002
688003,ALAPPUZHA,Kerala,688003
688004,ALAPPUZHA,Kerala,688004
688005,ALAPPUZHA,Kerala,688005
688006,ALAPPUZHA,Kerala,688006
688007,ALAPPUZHA,Kerala,688007
688008,ALAPPUZHA,Kerala,688008
688009,ALAPPUZHA,Kerala,688009
688011,ALAPPUZHA,Kerala,688011
688012,ALAPPUZHA,Kerala,688012
688013,ALAPPUZHA,Kerala,688013
688014,ALAPPUZHA,Kerala,688014
688501,ALAPPUZHA,Kerala,688501
688502,ALAPPUZHA,Kerala,688502
688503,ALAPPUZHA,Kerala,688503
688504,ALAPPUZHA,Kerala,688504
688505,ALAPPUZHA,Kerala,688505
688506,ALAPPUZHA,Kerala,688506
688521,ALAPPUZHA,Kerala,688521
688522,ALAPPUZHA,Kerala,688522
688523,ALAPPUZHA,Kerala,688523
688524,ALAPPUZHA,Kerala,688524
688525,ALAPPUZHA,Kerala,688525
688526,ALAPPUZHA,Kerala,688526
688527,ALAPPUZHA,Kerala,688527
688528,ALAPPUZHA,Kerala,688528
688529,ALAPPUZHA,Kerala,688529
688530,ALAPPUZHA,Kerala,688530
688531,ALAPPUZHA,Kerala,688531
688532,ALAPPUZHA,Kerala,688532
688533,ALAPPUZHA,Kerala,688533
688534,ALAPPUZHA,Kerala,688534
688535,ALAPPUZHA,Kerala,688535
688536,ALAPPUZHA,Kerala,688536
688537,ALAPPUZHA,Kerala,688537
688538,ALAPPUZHA,Kerala,688538
688539,ALAPPUZHA,Kerala,688539
688540,ALAPPUZHA,Kerala,688540
688541,ALAPPUZHA,Kerala,688541
688555,ALAPPUZHA,Kerala,688555
688561,ALAPPUZHA,Kerala,688561
688562,ALAPPUZHA,Kerala,688562
688570,ALAPPUZHA,Kerala,688570
688582,ALAPPUZHA,Kerala,688582
689101,PATHANAMTHITTA,Kerala,689101
689102,PATHANAMTHITTA,Kerala,689102
689103,PATHANAMTHITTA,Kerala,689103
689104,PATHANAMTHITTA,Kerala,689104
689105,PATHANAMTHITTA,Kerala,689105
689106,PATHANAMTHITTA,Kerala,689106
689107,PATHANAMTHITTA,Kerala,689107
689108,PATHANAMTHITTA,Kerala,689108
689109,ALAPPUZHA,Kerala,689109
689110,PATHANAMTHITTA,Kerala,689110
689111,PATHANAMTHITTA,Kerala,689111
689112,PATHANAMTHITTA,Kerala,689112
689113,PATHANAMTHITTA,Kerala,689113
689115,PATHANAMTHITTA,Kerala,689115
689121,ALAPPUZHA,Kerala,689121
689122,ALAPPUZHA,Kerala,689122
689123,ALAPPUZHA,Kerala,689123
689124,ALAPPUZHA,Kerala,689124
689126,ALAPPUZHA,Kerala,689126
689501,PATHANAMTHITTA,Kerala,689501
689502,PATHANAMTHITTA,Kerala,689502
689503,PATHANAMTHITTA,Kerala,689503
689504,ALAPPUZHA,Kerala,689504
689505,ALAPPUZHA,Kerala,689505
689506,ALAPPUZHA,Kerala,689506
689507,PATHANAMTHITTA,Kerala,689507
689508,ALAPPUZHA,Kerala,689508
689509,ALAPPUZHA,Kerala,689509
689510,ALAPPUZHA,Kerala,689510
689511,ALAPPUZHA,Kerala,689511
689512,ALAPPUZHA,Kerala,689512
689513,PATHANAMTHITTA,Kerala,689513
689514,PATHANAMTHITTA,Kerala,689514
689515,Pathanamthitta,Kerala,689515
689520,ALAPPUZHA,Kerala,689520
689521,ALAPPUZHA,Kerala,689521
689531,PATHANAMTHITTA,Kerala,689531
689532,PATHANAMTHITTA,Kerala,689532
689533,PATHANAMTHITTA,Kerala,689533
689541,PATHANAMTHITTA,Kerala,689541
689542,PATHANAMTHITTA,Kerala,689542
689543,PATHANAMTHITTA,Kerala,689543
689544,PATHANAMTHITTA,Kerala,689544
689545,PATHANAMTHITTA,Kerala,689545
689546,PATHANAMTHITTA,Kerala,689546
689547,PATHANAMTHITTA,Kerala,689547
689548,PATHANAMTHITTA,Kerala,689548
689549,PATHANAMTHITTA,Kerala,689549
689550,PATHANAMTHITTA,Kerala,689550
689551,PATHANAMTHITTA,Kerala,689551
689571,ALAPPUZHA,Kerala,689571
689572,ALAPPUZHA,Kerala,689572
689573,ALAPPUZHA,Kerala,689573
689574,ALAPPUZHA,Kerala,689574
689581,PATHANAMTHITTA,Kerala,689581
689582,PATHANAMTHITTA,Kerala,689582
689583,PATHANAMTHITTA,Kerala,689583
689584,PATHANAMTHITTA,Kerala,689584
689585,PATHANAMTHITTA,Kerala,689585
689586,PATHANAMTHITTA,Kerala,689586
689587,PATHANAMTHITTA,Kerala,689587
689588,PATHANAMTHITTA,Kerala,689588
689589,PATHANAMTHITTA,Kerala,689589
689590,PATHANAMTHITTA,Kerala,689590
689591,PATHANAMTHITTA,Kerala,689591
689592,PATHANAMTHITTA,Kerala,689592
689594,PATHANAMTHITTA,Kerala,689594
689595,ALAPPUZHA,Kerala,689595
689597,PATHANAMTHITTA,Kerala,689597
689602,PATHANAMTHITTA,Kerala,689602
689611,PATHANAMTHITTA,Kerala,689611
689612,PATHANAMTHITTA,Kerala,689612
689613,PATHANAMTHITTA,Kerala,689613
689614,PATHANAMTHITTA,Kerala,689614
689615,PATHANAMTHITTA,Kerala,689615
689621,PATHANAMTHITTA,Kerala,689621
689622,ALAPPUZHA,Kerala,689622
689623,ALAPPUZHA,Kerala,689623
689624,ALAPPUZHA,Kerala,689624
689625,PATHANAMTHITTA,Kerala,689625
689626,PATHANAMTHITTA,Kerala,689626
689627,ALAPPUZHA,Kerala,689627
689641,PATHANAMTHITTA,Kerala,689641
689642,PATHANAMTHITTA,Kerala,689642
689643,PATHANAMTHITTA,Kerala,689643
689644,PATHANAMTHITTA,Kerala,689644
689645,PATHANAMTHITTA,Kerala,689645
689646,PATHANAMTHITTA,Kerala,689646
689647,PATHANAMTHITTA,Kerala,689647
689648,PATHANAMTHITTA,Kerala,689648
689649,PATHANAMTHITTA,Kerala,689649
689650,PATHANAMTHITTA,Kerala,689650
689652,PATHANAMTHITTA,Kerala,689652
689653,PATHANAMTHITTA,Kerala,689653
689654,PATHANAMTHITTA,Kerala,689654
689656,PATHANAMTHITTA,Kerala,689656
689661,PATHANAMTHITTA,Kerala,689661
689662,PATHANAMTHITTA,Kerala,689662
689663,PATHANAMTHITTA,Kerala,689663
689664,PATHANAMTHITTA,Kerala,689664
689666,PATHANAMTHITTA,Kerala,689666
689667,PATHANAMTHITTA,Kerala,689667
689668,PATHANAMTHITTA,Kerala,689668
689671,PATHANAMTHITTA,Kerala,689671
689672,PATHANAMTHITTA,Kerala,689672
689673,PATHANAMTHITTA,Kerala,689673
689674,PATHANAMTHITTA,Kerala,689674
689675,PATHANAMTHITTA,Kerala,689675
689676,PATHANAMTHITTA,Kerala,689676
689677,PATHANAMTHITTA,Kerala,689677
689678,PATHANAMTHITTA,Kerala,689678
689691,PATHANAMTHITTA,Kerala,689691
689692,PATHANAMTHITTA,Kerala,689692
689693,PATHANAMTHITTA,Kerala,689693
689694,PATHANAMTHITTA,Kerala,689694
689695,KOLLAM,Kerala,689695
689696,KOLLAM,Kerala,689696
689698,PATHANAMTHITTA,Kerala,689698
689699,PATHANAMTHITTA,Kerala,689699
689711,PATHANAMTHITTA,Kerala,689711
690101,ALAPPUZHA,Kerala,690101
690102,ALAPPUZHA,Kerala,690102
690103,ALAPPUZHA,Kerala,690103
690104,ALAPPUZHA,Kerala,690104
690105,ALAPPUZHA,Kerala,690105
690106,ALAPPUZHA,Kerala,690106
690107,ALAPPUZHA,Kerala,690107
690108,ALAPPUZHA,Kerala,690108
690110,ALAPPUZHA,Kerala,690110
690501,ALAPPUZHA,Kerala,690501
690502,ALAPPUZHA,Kerala,690502
690503,ALAPPUZHA,Kerala,690503
690504,PATHANAMTHITTA,Kerala,690504
690505,ALAPPUZHA,Kerala,690505
690506,ALAPPUZHA,Kerala,690506
690507,ALAPPUZHA,Kerala,690507
690508,ALAPPUZHA,Kerala,690508
690509,ALAPPUZHA,Kerala,690509
690510,ALAPPUZHA,Kerala,690510
690511,ALAPPUZHA,Kerala,690511
690512,ALAPPUZHA,Kerala,690512
690513,ALAPPUZHA,Kerala,690513
690514,ALAPPUZHA,Kerala,690514
690515,ALAPPUZHA,Kerala,690515
690516,ALAPPUZHA,Kerala,690516
690517,ALAPPUZHA,Kerala,690517
690518,KOLLAM,Kerala,690518
690519,KOLLAM,Kerala,690519
690520,KOLLAM,Kerala,690520
690521,KOLLAM,Kerala,690521
690522,KOLLAM,Kerala,690522
690523,KOLLAM,Kerala,690523
690524,KOLLAM,Kerala,690524
690525,KOLLAM,Kerala,690525
690526,KOLLAM,Kerala,690526
690527,ALAPPUZHA,Kerala,690527
690528,KOLLAM,Kerala,690528
690529,ALAPPUZHA,Kerala,690529
690530,ALAPPUZHA,Kerala,690530
690531,ALAPPUZHA,Kerala,690531
690532,ALAPPUZHA,Kerala,690532
690533,ALAPPUZHA,Kerala,690533
690534,ALAPPUZHA,Kerala,690534
690535,ALAPPUZHA,Kerala,690535
690536,KOLLAM,Kerala,690536
690537,ALAPPUZHA,Kerala,690537
690538,KOLLAM,Kerala,690538
690539,KOLLAM,Kerala,690539
690540,KOLLAM,Kerala,690540
690542,KOLLAM,Kerala,690542
690544,KOLLAM,Kerala,690544
690546,KOLLAM,Kerala,690546
690547,KOLLAM,Kerala,690547
690548,ALAPPUZHA,Kerala,690548
690558,ALAPPUZHA,Kerala,690558
690559,ALAPPUZHA,Kerala,690559
690561,KOLLAM,Kerala,690561
690571,ALAPPUZHA,Kerala,690571
690572,ALAPPUZHA,Kerala,690572
690573,KOLLAM,Kerala,690573
690574,KOLLAM,Kerala,690574
691001,KOLLAM,Kerala,691001
691002,KOLLAM,Kerala,691002
691003,KOLLAM,Kerala,691003
691004,KOLLAM,Kerala,691004
691005,KOLLAM,Kerala,691005
691006,KOLLAM,Kerala,691006
691007,KOLLAM,Kerala,691007
691008,KOLLAM,Kerala,691008
691009,KOLLAM,Kerala,691009
691010,KOLLAM,Kerala,691010
691011,KOLLAM,Kerala,691011
691012,KOLLAM,Kerala,691012
691013,KOLLAM,Kerala,691013
691014,KOLLAM,Kerala,691014
691015,KOLLAM,Kerala,691015
691016,KOLLAM,Kerala,691016
691019,KOLLAM,Kerala,691019
691020,KOLLAM,Kerala,691020
691021,KOLLAM,Kerala,691021
691301,KOLLAM,Kerala,691301
691302,KOLLAM,Kerala,691302
691303,KOLLAM,Kerala,691303
691304,KOLLAM,Kerala,691304
691305,KOLLAM,Kerala,691305
691306,KOLLAM,Kerala,691306
691307,KOLLAM,Kerala,691307
691308,KOLLAM,Kerala,691308
691309,KOLLAM,Kerala,691309
691310,KOLLAM,Kerala,691310
691311,KOLLAM,Kerala,691311
691312,KOLLAM,Kerala,691312
691319,KOLLAM,Kerala,691319
691322,KOLLAM,Kerala,691322
691331,KOLLAM,Kerala,691331
691332,KOLLAM,Kerala,691332
691333,KOLLAM,Kerala,691333
691334,KOLLAM,Kerala,691334
691500,KOLLAM,Kerala,691500
691501,KOLLAM,Kerala,691501
691502,KOLLAM,Kerala,691502
691503,KOLLAM,Kerala,691503
691504,KOLLAM,Kerala,691504
691505,KOLLAM,Kerala,691505
691506,KOLLAM,Kerala,691506
691507,KOLLAM,Kerala,691507
691508,KOLLAM,Kerala,691508
691509,KOLLAM,Kerala,691509
691510,KOLLAM,Kerala,691510
691511,KOLLAM,Kerala,691511
691512,KOLLAM,Kerala,691512
691515,KOLLAM,Kerala,691515
691516,KOLLAM,Kerala,691516
691520,KOLLAM,Kerala,691520
691521,KOLLAM,Kerala,691521
691522,KOLLAM,Kerala,691522
691523,PATHANAMTHITTA,Kerala,691523
691524,PATHANAMTHITTA,Kerala,691524
691525,PATHANAMTHITTA,Kerala,691525
691526,PATHANAMTHITTA,Kerala,691526
691527,KOLLAM,Kerala,691527
691530,PATHANAMTHITTA,Kerala,691530
691531,KOLLAM,Kerala,691531
691532,KOLLAM,Kerala,691532
691533,KOLLAM,Kerala,691533
691534,KOLLAM,Kerala,691534
691535,KOLLAM,Kerala,691535
691536,KOLLAM,Kerala,691536
691537,KOLLAM,Kerala,691537
691538,KOLLAM,Kerala,691538
691540,KOLLAM,Kerala,691540
691541,KOLLAM,Kerala,691541
691543,KOLLAM,Kerala,691543
691551,PATHANAMTHITTA,Kerala,691551
691552,PATHANAMTHITTA,Kerala,691552
691553,KOLLAM,Kerala,691553
691554,PATHANAMTHITTA,Kerala,691554
691555,PATHANAMTHITTA,Kerala,691555
691556,PATHANAMTHITTA,Kerala,691556
691557,KOLLAM,Kerala,691557
691559,KOLLAM,Kerala,691559
691560,KOLLAM,Kerala,691560
691566,KOLLAM,Kerala,691566
691571,KOLLAM,Kerala,691571
691572,KOLLAM,Kerala,691572
691573,KOLLAM,Kerala,691573
691574,KOLLAM,Kerala,691574
691576,KOLLAM,Kerala,691576
691577,KOLLAM,Kerala,691577
691578,KOLLAM,Kerala,691578
691579,KOLLAM,Kerala,691579
691581,KOLLAM,Kerala,691581
691582,KOLLAM,Kerala,691582
691583,KOLLAM,Kerala,691583
691584,KOLLAM,Kerala,691584
691585,KOLLAM,Kerala,691585
691589,KOLLAM,Kerala,691589
691590,KOLLAM,Kerala,691590
691601,KOLLAM,Kerala,691601
691602,KOLLAM,Kerala,691602
695001,THIRUVANANTHAPURAM,Kerala,695001
695002,THIRUVANANTHAPURAM,Kerala,695002
695003,THIRUVANANTHAPURAM,Kerala,695003
695004,THIRUVANANTHAPURAM,Kerala,695004
695005,THIRUVANANTHAPURAM,Kerala,695005
695006,THIRUVANANTHAPURAM,Kerala,695006
695007,THIRUVANANTHAPURAM,Kerala,695007
695008,THIRUVANANTHAPURAM,Kerala,695008
695009,THIRUVANANTHAPURAM,Kerala,695009
695010,THIRUVANANTHAPURAM,Kerala,695010
695011,THIRUVANANTHAPURAM,Kerala,695011
695012,THIRUVANANTHAPURAM,Kerala,695012
695013,THIRUVANANTHAPURAM,Kerala,695013
695014,THIRUVANANTHAPURAM,Kerala,695014
695015,THIRUVANANTHAPURAM,Kerala,695015
695016,THIRUVANANTHAPURAM,Kerala,695016
695017,THIRUVANANTHAPURAM,Kerala,695017
695018,THIRUVANANTHAPURAM,Kerala,695018
695019,THIRUVANANTHAPURAM,Kerala,695019
695020,THIRUVANANTHAPURAM,Kerala,695020
695021,THIRUVANANTHAPURAM,Kerala,695021
695022,THIRUVANANTHAPURAM,Kerala,695022
695023,THIRUVANANTHAPURAM,Kerala,695023
695024,THIRUVANANTHAPURAM,Kerala,695024
695025,THIRUVANANTHAPURAM,Kerala,695025
695026,THIRUVANANTHAPURAM,Kerala,695026
695027,THIRUVANANTHAPURAM,Kerala,695027
695028,THIRUVANANTHAPURAM,Kerala,695028
695029,THIRUVANANTHAPURAM,Kerala,695029
695030,THIRUVANANTHAPURAM,Kerala,695030
695032,THIRUVANANTHAPURAM,Kerala,695032
695033,THIRUVANANTHAPURAM,Kerala,695033
695034,THIRUVANANTHAPURAM,Kerala,695034
695035,THIRUVANANTHAPURAM,Kerala,695035
695036,THIRUVANANTHAPURAM,Kerala,695036
695038,THIRUVANANTHAPURAM,Kerala,695038
695040,THIRUVANANTHAPURAM,Kerala,695040
695042,THIRUVANANTHAPURAM,Kerala,695042
695043,THIRUVANANTHAPURAM,Kerala,695043
695099,THIRUVANANTHAPURAM,Kerala,695099
695101,THIRUVANANTHAPURAM,Kerala,695101
695102,THIRUVANANTHAPURAM,Kerala,695102
695103,THIRUVANANTHAPURAM,Kerala,695103
695104,THIRUVANANTHAPURAM,Kerala,695104
695121,THIRUVANANTHAPURAM,Kerala,695121
695122,THIRUVANANTHAPURAM,Kerala,695122
695123,THIRUVANANTHAPURAM,Kerala,695123
695124,THIRUVANANTHAPURAM,Kerala,695124
695125,THIRUVANANTHAPURAM,Kerala,695125
695126,THIRUVANANTHAPURAM,Kerala,695126
695132,THIRUVANANTHAPURAM,Kerala,695132
695133,THIRUVANANTHAPURAM,Kerala,695133
695134,THIRUVANANTHAPURAM,Kerala,695134
695141,Thiruvananthapuram,Kerala,695141
695142,THIRUVANANTHAPURAM,Kerala,695142
695143,THIRUVANANTHAPURAM,Kerala,695143
695144,THIRUVANANTHAPURAM,Kerala,695144
695145,THIRUVANANTHAPURAM,Kerala,695145
695146,THIRUVANANTHAPURAM,Kerala,695146
695301,THIRUVANANTHAPURAM,Kerala,695301
695302,THIRUVANANTHAPURAM,Kerala,695302
695303,THIRUVANANTHAPURAM,Kerala,695303
695304,THIRUVANANTHAPURAM,Kerala,695304
695305,THIRUVANANTHAPURAM,Kerala,695305
695306,THIRUVANANTHAPURAM,Kerala,695306
695307,THIRUVANANTHAPURAM,Kerala,695307
695308,THIRUVANANTHAPURAM,Kerala,695308
695309,THIRUVANANTHAPURAM,Kerala,695309
695310,THIRUVANANTHAPURAM,Kerala,695310
695311,THIRUVANANTHAPURAM,Kerala,695311
695312,THIRUVANANTHAPURAM,Kerala,695312
695313,THIRUVANANTHAPURAM,Kerala,695313
695316,THIRUVANANTHAPURAM,Kerala,695316
695317,THIRUVANANTHAPURAM,Kerala,695317
695318,THIRUVANANTHAPURAM,Kerala,695318
695501,THIRUVANANTHAPURAM,Kerala,695501
695502,THIRUVANANTHAPURAM,Kerala,695502
695503,THIRUVANANTHAPURAM,Kerala,695503
695504,THIRUVANANTHAPURAM,Kerala,695504
695505,THIRUVANANTHAPURAM,Kerala,695505
695506,THIRUVANANTHAPURAM,Kerala,695506
695507,THIRUVANANTHAPURAM,Kerala,695507
695508,THIRUVANANTHAPURAM,Kerala,695508
695512,THIRUVANANTHAPURAM,Kerala,695512
695513,THIRUVANANTHAPURAM,Kerala,695513
695521,THIRUVANANTHAPURAM,Kerala,695521
695522,THIRUVANANTHAPURAM,Kerala,695522
695523,THIRUVANANTHAPURAM,Kerala,695523
695524,THIRUVANANTHAPURAM,Kerala,695524
695525,THIRUVANANTHAPURAM,Kerala,695525
695526,THIRUVANANTHAPURAM,Kerala,695526
695527,THIRUVANANTHAPURAM,Kerala,695527
695528,THIRUVANANTHAPURAM,Kerala,695528
695541,THIRUVANANTHAPURAM,Kerala,695541
695542,THIRUVANANTHAPURAM,Kerala,695542
695543,THIRUVANANTHAPURAM,Kerala,695543
695547,THIRUVANANTHAPURAM,Kerala,695547
695551,THIRUVANANTHAPURAM,Kerala,695551
695561,THIRUVANANTHAPURAM,Kerala,695561
695562,THIRUVANANTHAPURAM,Kerala,695562
695563,THIRUVANANTHAPURAM,Kerala,695563
695564,THIRUVANANTHAPURAM,Kerala,695564
695568,THIRUVANANTHAPURAM,Kerala,695568
695570,THIRUVANANTHAPURAM,Kerala,695570
695571,THIRUVANANTHAPURAM,Kerala,695571
695572,THIRUVANANTHAPURAM,Kerala,695572
695573,THIRUVANANTHAPURAM,Kerala,695573
695574,THIRUVANANTHAPURAM,Kerala,695574
695575,THIRUVANANTHAPURAM,Kerala,695575
695581,THIRUVANANTHAPURAM,Kerala,695581
695582,THIRUVANANTHAPURAM,Kerala,695582
695583,THIRUVANANTHAPURAM,Kerala,695583
695584,THIRUVANANTHAPURAM,Kerala,695584
695585,THIRUVANANTHAPURAM,Kerala,695585
695586,THIRUVANANTHAPURAM,Kerala,695586
695587,THIRUVANANTHAPURAM,Kerala,695587
695588,THIRUVANANTHAPURAM,Kerala,695588
695589,THIRUVANANTHAPURAM,Kerala,695589
695601,THIRUVANANTHAPURAM,Kerala,695601
695602,THIRUVANANTHAPURAM,Kerala,695602
695603,THIRUVANANTHAPURAM,Kerala,695603
695604,THIRUVANANTHAPURAM,Kerala,695604
695605,THIRUVANANTHAPURAM,Kerala,695605
695606,THIRUVANANTHAPURAM,Kerala,695606
695607,THIRUVANANTHAPURAM,Kerala,695607
695608,THIRUVANANTHAPURAM,Kerala,695608
695609,THIRUVANANTHAPURAM,Kerala,695609
695610,THIRUVANANTHAPURAM,Kerala,695610
695611,THIRUVANANTHAPURAM,Kerala,695611
695612,THIRUVANANTHAPURAM,Kerala,695612
695614,THIRUVANANTHAPURAM,Kerala,695614
695615,THIRUVANANTHAPURAM,Kerala,695615
